Ad Product 2.0 --> Content 1.0								
Ad Product 2.0					Content 1.0			
Name	Unique ID	Tier 1	Tier 2	Tier 3	Name	Content 1.0 ID	Tier 1	Tier 2
Ad Safety Risk	1000	Ad Safety Risk			Non-Standard Content	IAB25	Non-Standard Content	
Adult Products and Services	1001	Adult Products and Services			Non-Standard Content	IAB25	Non-Standard Content	
Alcohol	1002	Alcohol			Cocktails/Beer	IAB8-5	Food & Drink	Cocktails/Beer
Bars	1003	Alcohol	Bars		Dining Out	IAB8-9	Food & Drink	Dining Out
Beer	1004	Alcohol	Beer		Cocktails/Beer	IAB8-5	Food & Drink	Cocktails/Beer
Hard Sodas, Seltzers, Alco Pops	1005	Alcohol	Hard Sodas, Seltzers, Alco Pops		Cocktails/Beer	IAB8-6	Food & Drink	Cocktails/Beer
Spirits	1006	Alcohol	Spirits		Cocktails/Beer	IAB8-7	Food & Drink	Cocktails/Beer
Wine	1007	Alcohol	Wine		Wine	IAB8-18	Food & Drink	Wine
Culture and Fine Arts	1008	Culture and Fine Arts			Arts & Entertainment	IAB1	Arts & Entertainment	
Museums and Galleries	1009	Culture and Fine Arts	Museums and Galleries		Arts & Entertainment	IAB1	Arts & Entertainment	
Business and Industrial	1010	Business and Industrial			Business	IAB3	Business	
Advertising and Marketing	1011	Business and Industrial	Advertising and Marketing		Advertising	IAB3-1	Business	Advertising
Business Services	1012	Business and Industrial	Business Services		Business	IAB3	Business	
Consulting	1013	Business and Industrial	Business Services	Consulting	Business	IAB3	Business	
Employee Expense and Time Tracking Services	1014	Business and Industrial	Business Services	Employee Expense and Time Tracking Services	Business	IAB3	Business	
Event Planning	1015	Business and Industrial	Business Services	Event Planning	Business	IAB3	Business	
Human Resources and Recruiting	1016	Business and Industrial	Business Services	Human Resources and Recruiting	Human Resources	IAB3-9	Business	Human Resources
Information Technology Services	1017	Business and Industrial	Business Services	Information Technology Services	Business	IAB3	Business	
Laundry and Dry Cleaning Services	1018	Business and Industrial	Business Services	Laundry and Dry Cleaning Services	Business	IAB3	Business	
Logistics and Delivery	1019	Business and Industrial	Business Services	Logistics and Delivery	Logistics	IAB3-10	Business	Logistics
Office Equipment and Supplies	1020	Business and Industrial	Business Services	Office Equipment and Supplies	Business	IAB3	Business	
Photographers	1021	Business and Industrial	Business Services	Photographers	Business	IAB3	Business	
Printing/Fax/WiFi Services	1022	Business and Industrial	Business Services	Printing/Fax/WiFi Services	Business	IAB3	Business	
Public Relations and Strategic Communication	1023	Business and Industrial	Business Services	Public Relations and Strategic Communication	Business	IAB3	Business	
Security and Protection	1024	Business and Industrial	Business Services	Security and Protection	Business	IAB3	Business	
Storage Facilities	1025	Business and Industrial	Business Services	Storage Facilities	Business	IAB3	Business	
Telecom Services	1026	Business and Industrial	Business Services	Telecom Services	Business	IAB3	Business	
Web Hosting and Cloud Computing	1027	Business and Industrial	Business Services	Web Hosting and Cloud Computing	Business	IAB3	Business	
Construction	1028	Business and Industrial	Construction		Construction	IAB3-5	Business	Construction
Energy Industry	1029	Business and Industrial	Energy Industry		Business	IAB3	Business	
Electric Power Industry	1030	Business and Industrial	Energy Industry	Electric Power Industry	Business	IAB3	Business	
Energy Services	1031	Business and Industrial	Energy Industry	Energy Services	Business	IAB3	Business	
Green Energy	1032	Business and Industrial	Energy Industry	Green Energy	Green Solutions	IAB3-8	Business	Green Solutions
Oil, Gas and Consumable Fuels	1033	Business and Industrial	Energy Industry	Oil, Gas and Consumable Fuels	Business	IAB3	Business	
Forestry and Logging	1034	Business and Industrial	Forestry and Logging		Forestry	IAB3-6	Business	Forestry
Industrial Storage	1035	Business and Industrial	Industrial Storage		Business	IAB3	Business	
Industrials	1036	Business and Industrial	Industrials		Business	IAB3	Business	
Aerospace and Defense	1037	Business and Industrial	Industrials	Aerospace and Defense	Business	IAB3	Business	
Construction and Engineering	1038	Business and Industrial	Industrials	Construction and Engineering	Construction	IAB3-5	Business	Construction
Industrial Conglomerates	1039	Business and Industrial	Industrials	Industrial Conglomerates	Business	IAB3	Business	
Trading Companies and Distributors	1040	Business and Industrial	Industrials	Trading Companies and Distributors	Business	IAB3	Business	
Transportation	1041	Business and Industrial	Industrials	Transportation	Business	IAB3	Business	
Manufacturing	1042	Business and Industrial	Manufacturing		Business	IAB3	Business	
Medical and Biotechnology	1043	Business and Industrial	Medical and Biotechnology		Biotech/Biomedical	IAB3-3	Business	Biotech/Biomedical
Mining and Quarrying	1044	Business and Industrial	Mining and Quarrying		Business	IAB3	Business	
Science and Laboratory	1045	Business and Industrial	Science and Laboratory		Science	IAB3	Science	
Signage	1046	Business and Industrial	Signage		Business	IAB3	Business	
Small Business	1047	Business and Industrial	Small Business		Business	IAB3	Business	
Waste Disposal and Recycling	1048	Business and Industrial	Waste Disposal and Recycling		Business	IAB3	Business	
Cannabis	1049	Cannabis			Non-Standard Content	IAB25	Non-Standard Content	
Cannabis Consumables	1050	Cannabis	Cannabis Consumables		Non-Standard Content	IAB25	Non-Standard Content	
Cannabis Drinks	1051	Cannabis	Cannabis Consumables	Cannabis Drinks	Non-Standard Content	IAB25	Non-Standard Content	
Cannabis Edibles	1052	Cannabis	Cannabis Consumables	Cannabis Edibles	Non-Standard Content	IAB25	Non-Standard Content	
Cannabis Equipment	1053	Cannabis	Cannabis Equipment		Non-Standard Content	IAB25	Non-Standard Content	
Cannabis Stores	1054	Cannabis	Cannabis Stores		Non-Standard Content	IAB25	Non-Standard Content	
Cannabis Stocks	1055	Cannabis	Cannabis Stocks		Non-Standard Content	IAB25	Non-Standard Content	
CBD Consumables	1056	Cannabis	CBD Consumables		Non-Standard Content	IAB25	Non-Standard Content	
CBD Topicals	1057	Cannabis	CBD Topicals		Non-Standard Content	IAB25	Non-Standard Content	
Clothing and Accessories	1058	Clothing and Accessories			Style & Fashion	IAB18	Style & Fashion	
Clothing	1059	Clothing and Accessories	Clothing		Clothing	IAB18-5	Style & Fashion	Clothing
Children's Clothing	1060	Clothing and Accessories	Clothing	Children's Clothing	Clothing	IAB18-5	Style & Fashion	Clothing
Maternity Clothing	1061	Clothing and Accessories	Clothing	Maternity Clothing	Clothing	IAB18-5	Style & Fashion	Clothing
Men's Clothing	1062	Clothing and Accessories	Clothing	Men's Clothing	Clothing	IAB18-5	Style & Fashion	Clothing
Sportswear	1063	Clothing and Accessories	Clothing	Sportswear	Clothing	IAB18-5	Style & Fashion	Clothing
Swimwear 	1064	Clothing and Accessories	Clothing	Swimwear 	Clothing	IAB18-5	Style & Fashion	Clothing
Underwear and Lingerie	1065	Clothing and Accessories	Clothing	Underwear and Lingerie	Clothing	IAB18-5	Style & Fashion	Clothing
Wedding Dresses/Bridal Wear/Tuxedos	1066	Clothing and Accessories	Clothing	Wedding Dresses/Bridal Wear/Tuxedos	Clothing	IAB18-5	Style & Fashion	Clothing
Women's Clothing	1067	Clothing and Accessories	Clothing	Women's Clothing	Clothing	IAB18-5	Style & Fashion	Clothing
Clothing Accessories	1068	Clothing and Accessories	Clothing Accessories		Accessories	IAB18-6	Style & Fashion	Accessories
Costumes and Accessories	1069	Clothing and Accessories	Costumes and Accessories		Accessories	IAB18-6	Style & Fashion	Accessories
Footwear	1070	Clothing and Accessories	Footwear		Accessories	IAB18-6	Style & Fashion	Accessories
Footwear Accessories	1071	Clothing and Accessories	Footwear Accessories		Accessories	IAB18-6	Style & Fashion	Accessories
Handbags and Wallets	1072	Clothing and Accessories	Handbags and Wallets		Accessories	IAB18-6	Style & Fashion	Accessories
Jewelry and Watches	1073	Clothing and Accessories	Jewelry and Watches		Jewelry	IAB18-4	Style & Fashion	Jewelry
Sunglasses	1074	Clothing and Accessories	Sunglasses		Accessories	IAB18-6	Style & Fashion	Accessories
Collectables and Antiques	1075	Collectables and Antiques			Collecting	IAB9-10	Hobbies & Interests	Collecting
Antiques	1076	Collectables and Antiques	Antiques		Hobbies & Interests	IAB9	Hobbies & Interests	
Coins and Paper Money	1077	Collectables and Antiques	Coins and Paper Money		Stamps & Coins	IAB9-29	Hobbies & Interests	Stamps & Coins
Collectibles	1078	Collectables and Antiques	Collectibles		Collecting	IAB9-10	Hobbies & Interests	Collecting
Entertainment Memorabilia	1079	Collectables and Antiques	Entertainment Memorabilia		Hobbies & Interests	IAB9	Hobbies & Interests	
Sports Memorabilia and Trading Cards	1080	Collectables and Antiques	Sports Memorabilia and Trading Cards		Hobbies & Interests	IAB9	Hobbies & Interests	
Stamps	1081	Collectables and Antiques	Stamps		Stamps & Coins	IAB9-29	Hobbies & Interests	Stamps & Coins
Computer Software	1082	Computer Software			Technology & Computing	IAB19	Technology & Computing	
Enterprise Computer Software	1083	Computer Software	Enterprise Computer Software		Technology & Computing	IAB19	Technology & Computing	
Personal Computer Software	1084	Computer Software	Personal Computer Software		Technology & Computing	IAB19	Technology & Computing	
Toolbars	1085	Computer Software	Toolbars		Technology & Computing	IAB19	Technology & Computing	
Browser Extensions 	1086	Computer Software	Browser Extensions 		Technology & Computing	IAB19	Technology & Computing	
Downloadable Utilities	1087	Computer Software	Downloadable Utilities		Technology & Computing	IAB19	Technology & Computing	
Cosmetic Services	1088	Cosmetic Services			Beauty	IAB18-1	Style & Fashion	Beauty
Beauty Salons	1089	Cosmetic Services	Beauty Salons		Beauty	IAB18-1	Style & Fashion	Beauty
Hair Salons	1090	Cosmetic Services	Hair Salons		Beauty	IAB18-1	Style & Fashion	Beauty
Hair Removal	1091	Cosmetic Services	Hair Removal		Beauty	IAB18-1	Style & Fashion	Beauty
Hair Restoration	1092	Cosmetic Services	Hair Restoration		Beauty	IAB18-1	Style & Fashion	Beauty
Nail Salons	1093	Cosmetic Services	Nail Salons		Beauty	IAB18-1	Style & Fashion	Beauty
Med Spas	1094	Cosmetic Services	Med Spas		Beauty	IAB18-1	Style & Fashion	Beauty
Piercing and Tattooing	1095	Cosmetic Services	Piercing and Tattooing		Body Art	IAB18-2	Style & Fashion	Body Art
Tanning Salons	1096	Cosmetic Services	Tanning Salons		Beauty	IAB18-1	Style & Fashion	Beauty
Consumer Electronics	1097	Consumer Electronics			Technology & Computing	IAB19	Technology & Computing	
Arcade Equipment	1098	Consumer Electronics	Arcade Equipment		Video & Computer Games	IAB9-30	Hobbies & Interests	Video & Computer Games
Camcorders	1099	Consumer Electronics	Camcorders		Cameras & Camcorders	IAB19-5	Technology & Computing	Cameras & Camcorders
Cameras and Photo	1100	Consumer Electronics	Cameras and Photo		Cameras & Camcorders	IAB19-5	Technology & Computing	Cameras & Camcorders
Camera and Photo Accessories	1101	Consumer Electronics	Cameras and Photo	Camera and Photo Accessories	Cameras & Camcorders	IAB19-5	Technology & Computing	Cameras & Camcorders
Cameras	1102	Consumer Electronics	Cameras and Photo	Cameras	Cameras & Camcorders	IAB19-5	Technology & Computing	Cameras & Camcorders
Photo Applications	1103	Consumer Electronics	Cameras and Photo	Photo Applications	Cameras & Camcorders	IAB19-5	Technology & Computing	Cameras & Camcorders
Circuit Boards and Components	1104	Consumer Electronics	Circuit Boards and Components		Technology & Computing	IAB19	Technology & Computing	
Communications Electronics	1105	Consumer Electronics	Communications Electronics		Technology & Computing	IAB19	Technology & Computing	
Computers	1106	Consumer Electronics	Computers		Technology & Computing	IAB19	Technology & Computing	
Laptops	1107	Consumer Electronics	Computers	Laptops	Portable	IAB19-28	Technology & Computing	Portable
Desktops	1108	Consumer Electronics	Computers	Desktops	Technology & Computing	IAB19	Technology & Computing	
E-Readers	1109	Consumer Electronics	E-Readers		Portable	IAB19-28	Technology & Computing	Portable
Electronics Accessories	1110	Consumer Electronics	Electronics Accessories		Technology & Computing	IAB19	Technology & Computing	
Headphones	1111	Consumer Electronics	Headphones		Technology & Computing	IAB19	Technology & Computing	
Home Theater Systems	1112	Consumer Electronics	Home Theater Systems		Home Theater	IAB10-6	Home & Garden	Home Theater
Marine Electronics	1113	Consumer Electronics	Marine Electronics		Technology & Computing	IAB19	Technology & Computing	
Mobile Phones and Accessories	1114	Consumer Electronics	Mobile Phones and Accessories		Cell Phones	IAB19-6	Technology & Computing	Cell Phones
Networking	1115	Consumer Electronics	Networking		Computer Networking	IAB19-8	Technology & Computing	Computer Networking
Printers/Copiers/Scanners/Fax	1116	Consumer Electronics	Printers/Copiers/Scanners/Fax		Technology & Computing	IAB19	Technology & Computing	
Security Devices	1117	Consumer Electronics	Security Devices		Network Security	IAB19-25	Technology & Computing	Network Security
Tablets	1118	Consumer Electronics	Tablets		Portable	IAB19-28	Technology & Computing	Portable
Televisions	1119	Consumer Electronics	Televisions		Entertainment	IAB19-29	Arts & Entertainment	Entertainment
Video Games and Consoles	1120	Consumer Electronics	Video Games		Video & Computer Games	IAB9-30	Hobbies & Interests	Video & Computer Games
Video Games and Consoles	1121	Consumer Electronics	Video Game Consoles		Technology & Computing	IAB19	Technology & Computing	
Video Game Console Accessories	1122	Consumer Electronics	Video Game Console Accessories		Technology & Computing	IAB19	Technology & Computing	
Consumer Packaged Goods	1123	Consumer Packaged Goods			Home & Garden	IAB10-6	Home & Garden	
Baby and Toddler Products	1124	Consumer Packaged Goods	Baby and Toddler Products		Family & Parenting	IAB6	Family & Parenting	
Diapers	1125	Consumer Packaged Goods	Baby and Toddler Products	Diapers	Family & Parenting	IAB6	Family & Parenting	
Nursing and Feeding Products	1126	Consumer Packaged Goods	Baby and Toddler Products	Nursing and Feeding Products	Family & Parenting	IAB6	Family & Parenting	
Back to School Supplies	1127	Consumer Packaged Goods	Back to School Supplies		Family & Parenting	IAB6	Family & Parenting	
Barbeque	1128	Consumer Packaged Goods	Barbeque		Barbecues & Grilling	IAB8-2	Food & Drink	Barbecues & Grilling
Charcoal	1129	Consumer Packaged Goods	Barbeque	Charcoal	Barbecues & Grilling	IAB8-2	Food & Drink	Barbecues & Grilling
Charcoal Lighter Fluids	1130	Consumer Packaged Goods	Barbeque	Charcoal Lighter Fluids	Barbecues & Grilling	IAB8-2	Food & Drink	Barbecues & Grilling
Beverages	1131	Consumer Packaged Goods	Beverages		Food & Drink	IAB8	Food & Drink	
Carbonated Soft Drinks	1132	Consumer Packaged Goods	Beverages	Carbonated Soft Drinks	Food & Drink	IAB8	Food & Drink	
Coffee and Tea	1133	Consumer Packaged Goods	Beverages	Coffee and Tea	Cofee/Tea	IAB8-6	Food & Drink	Cofee/Tea
Drink Mixes	1134	Consumer Packaged Goods	Beverages	Drink Mixes	Food & Drink	IAB8	Food & Drink	
Juices	1135	Consumer Packaged Goods	Beverages	Juices	Food & Drink	IAB8	Food & Drink	
Sports/Energy Drinks	1136	Consumer Packaged Goods	Beverages	Sports/Energy Drinks	Food & Drink	IAB8	Food & Drink	
Water	1137	Consumer Packaged Goods	Beverages	Water	Food & Drink	IAB8	Food & Drink	
Cosmetics	1138	Consumer Packaged Goods	Cosmetics		Beauty	IAB18-1	Style & Fashion	Beauty
Cosmetics Accessories	1139	Consumer Packaged Goods	Cosmetics	Cosmetics Accessories	Beauty	IAB18-1	Style & Fashion	Beauty
Cosmetics-Nail	1140	Consumer Packaged Goods	Cosmetics	Cosmetics-Nail	Beauty	IAB18-1	Style & Fashion	Beauty
Eye	1141	Consumer Packaged Goods	Cosmetics	Eye	Beauty	IAB18-1	Style & Fashion	Beauty
Facial	1142	Consumer Packaged Goods	Cosmetics	Facial	Beauty	IAB18-1	Style & Fashion	Beauty
Lip	1143	Consumer Packaged Goods	Cosmetics	Lip	Beauty	IAB18-1	Style & Fashion	Beauty
Storage	1144	Consumer Packaged Goods	Cosmetics	Storage	Beauty	IAB18-1	Style & Fashion	Beauty
Disposable Tableware	1145	Consumer Packaged Goods	Disposable Tableware		Entertaining	IAB10-2	Home & Garden	Entertaining
Cups and Plates	1146	Consumer Packaged Goods	Disposable Tableware	Cups and Plates	Entertaining	IAB10-2	Home & Garden	Entertaining
Disposable Tableware	1147	Consumer Packaged Goods	Disposable Tableware	Disposable Tableware	Entertaining	IAB10-2	Home & Garden	Entertaining
Foils, Wraps, and Bags	1148	Consumer Packaged Goods	Foils, Wraps, and Bags		Food & Drink	IAB8	Food & Drink	
Foil Pans	1149	Consumer Packaged Goods	Foils, Wraps, and Bags	Foil Pans	Food & Drink	IAB8	Food & Drink	
Foils and Wraps	1150	Consumer Packaged Goods	Foils, Wraps, and Bags	Foils and Wraps	Food & Drink	IAB8	Food & Drink	
Food and Trash Bags	1151	Consumer Packaged Goods	Foils, Wraps, and Bags	Food and Trash Bags	Food & Drink	IAB8	Food & Drink	
Fragrance	1152	Consumer Packaged Goods	Fragrance		Beauty	IAB18-1	Style & Fashion	Beauty
Fragrances - Women's	1153	Consumer Packaged Goods	Fragrance	Fragrances - Women's	Beauty	IAB18-1	Style & Fashion	Beauty
Shaving Lotion/Men's Fragrance	1154	Consumer Packaged Goods	Fragrance	Shaving Lotion/Men's Fragrance	Beauty	IAB18-1	Style & Fashion	Beauty
Frozen	1155	Consumer Packaged Goods	Frozen		Food & Drink	IAB8	Food & Drink	
Frozen Baked Goods	1156	Consumer Packaged Goods	Frozen	Frozen Baked Goods	Food & Drink	IAB8	Food & Drink	
Frozen Beverages	1157	Consumer Packaged Goods	Frozen	Frozen Beverages	Food & Drink	IAB8	Food & Drink	
Frozen Desserts	1158	Consumer Packaged Goods	Frozen	Frozen Desserts	Food & Drink	IAB8	Food & Drink	
Frozen Fruits and Vegetables	1159	Consumer Packaged Goods	Frozen	Frozen Fruits and Vegetables	Food & Drink	IAB8	Food & Drink	
Frozen Juices	1160	Consumer Packaged Goods	Frozen	Frozen Juices	Food & Drink	IAB8	Food & Drink	
Frozen Meals	1161	Consumer Packaged Goods	Frozen	Frozen Meals	Food & Drink	IAB8	Food & Drink	
Frozen Meat/Poultry/Seafood	1162	Consumer Packaged Goods	Frozen	Frozen Meat/Poultry/Seafood	Food & Drink	IAB8	Food & Drink	
Frozen Snacks	1163	Consumer Packaged Goods	Frozen	Frozen Snacks	Food & Drink	IAB8	Food & Drink	
Other Frozen	1164	Consumer Packaged Goods	Frozen	Other Frozen	Food & Drink	IAB8	Food & Drink	
General Food	1165	Consumer Packaged Goods	General Food		Food & Drink	IAB8	Food & Drink	
Baby Food	1166	Consumer Packaged Goods	General Food	Baby Food	Food & Drink	IAB8	Food & Drink	
Bakery	1167	Consumer Packaged Goods	General Food	Bakery	Desserts & Baking	IAB8-8	Food & Drink	Desserts & Baking
Baking	1168	Consumer Packaged Goods	General Food	Baking	Desserts & Baking	IAB8-8	Food & Drink	Desserts & Baking
Breakfast	1169	Consumer Packaged Goods	General Food	Breakfast	Food & Drink	IAB8	Food & Drink	
Candy	1170	Consumer Packaged Goods	General Food	Candy	Food & Drink	IAB8	Food & Drink	
Condiments and Sauces	1171	Consumer Packaged Goods	General Food	Condiments and Sauces	Food & Drink	IAB8	Food & Drink	
Cookies and Crackers	1172	Consumer Packaged Goods	General Food	Cookies and Crackers	Food & Drink	IAB8	Food & Drink	
Fruit	1173	Consumer Packaged Goods	General Food	Fruit	Food & Drink	IAB8	Food & Drink	
Meals	1174	Consumer Packaged Goods	General Food	Meals	Food & Drink	IAB8	Food & Drink	
Snacks	1175	Consumer Packaged Goods	General Food	Snacks	Food & Drink	IAB8	Food & Drink	
Vegetables	1176	Consumer Packaged Goods	General Food	Vegetables	Food & Drink	IAB8	Food & Drink	
General Merchandise	1177	Consumer Packaged Goods	General Merchandise		Home & Garden	IAB10	Home & Garden	
Grooming Supplies	1178	Consumer Packaged Goods	Grooming Supplies		Beauty	IAB18-1	Style & Fashion	Beauty
Hair Care	1179	Consumer Packaged Goods	Hair Care		Beauty	IAB18-1	Style & Fashion	Beauty
Hair Accessories	1180	Consumer Packaged Goods	Hair Care	Hair Accessories	Beauty	IAB18-1	Style & Fashion	Beauty
Hair Coloring	1181	Consumer Packaged Goods	Hair Care	Hair Coloring	Beauty	IAB18-1	Style & Fashion	Beauty
Hair Conditioner	1182	Consumer Packaged Goods	Hair Care	Hair Conditioner	Beauty	IAB18-1	Style & Fashion	Beauty
Hair Growth Products	1183	Consumer Packaged Goods	Hair Care	Hair Growth Products	Beauty	IAB18-1	Style & Fashion	Beauty
Hair Spray/Spritz	1184	Consumer Packaged Goods	Hair Care	Hair Spray/Spritz	Beauty	IAB18-1	Style & Fashion	Beauty
Hair Styling Gel/Mousse	1185	Consumer Packaged Goods	Hair Care	Hair Styling Gel/Mousse	Beauty	IAB18-1	Style & Fashion	Beauty
Home Permanent/Relaxer Kits	1186	Consumer Packaged Goods	Hair Care	Home Permanent/Relaxer Kits	Beauty	IAB18-1	Style & Fashion	Beauty
Shampoo	1187	Consumer Packaged Goods	Hair Care	Shampoo	Beauty	IAB18-1	Style & Fashion	Beauty
HFSS Products [High Fat, Sugar, Salt]	1188	Consumer Packaged Goods	HFSS Products [High Fat, Sugar, Salt]		Food & Drink	IAB8	Food & Drink	
Home Care	1189	Consumer Packaged Goods	Home Care		Home & Garden	IAB10	Home & Garden	
Household Cleaning	1190	Consumer Packaged Goods	Home Care	Household Cleaning	Home & Garden	IAB10	Home & Garden	
Laundry	1191	Consumer Packaged Goods	Home Care	Laundry	Home & Garden	IAB10	Home & Garden	
Hosiery	1192	Consumer Packaged Goods	Hosiery		Clothing	IAB18-5	Style & Fashion	Clothing
Pantyhose/Nylons	1193	Consumer Packaged Goods	Hosiery	Pantyhose/Nylons	Accessories	IAB18-6	Style & Fashion	Accessories
Socks	1194	Consumer Packaged Goods	Hosiery	Socks	Accessories	IAB18-6	Style & Fashion	Accessories
Tights	1195	Consumer Packaged Goods	Hosiery	Tights	Accessories	IAB18-6	Style & Fashion	Accessories
Household/Plastics/Storage	1196	Consumer Packaged Goods	Household/Plastics/Storage		Food & Drink	IAB8	Food & Drink	
Bottles	1197	Consumer Packaged Goods	Household/Plastics/Storage	Bottles	Food & Drink	IAB8	Food & Drink	
Drinkware	1198	Consumer Packaged Goods	Household/Plastics/Storage	Drinkware	Food & Drink	IAB8	Food & Drink	
Household Plastics	1199	Consumer Packaged Goods	Household/Plastics/Storage	Household Plastics	Food & Drink	IAB8	Food & Drink	
Kitchen Storage	1200	Consumer Packaged Goods	Household/Plastics/Storage	Kitchen Storage	Food & Drink	IAB8	Food & Drink	
Meal Kits	1201	Consumer Packaged Goods	Meal Kits		Food & Drink	IAB8	Food & Drink	
Miscellaneous General Merch	1202	Consumer Packaged Goods	Miscellaneous General Merch		Home & Garden	IAB10	Home & Garden	
Office/School Supplies	1203	Consumer Packaged Goods	Office/School Supplies		Family & Parenting	IAB6	Family & Parenting	
Children's Art Supplies	1204	Consumer Packaged Goods	Office/School Supplies	Children's Art Supplies	Family & Parenting	IAB6	Family & Parenting	
Computer Disks Frmtd/UnFrmtd	1205	Consumer Packaged Goods	Office/School Supplies	Computer Disks Frmtd/UnFrmtd	Careers	IAB4	Careers	
Office Products	1206	Consumer Packaged Goods	Office/School Supplies	Office Products	Careers	IAB4	Careers	
Writing Instruments	1207	Consumer Packaged Goods	Office/School Supplies	Writing Instruments	Family & Parenting	IAB6	Family & Parenting	
Over the Counter Medication	1208	Consumer Packaged Goods	Over the Counter Medication		Health & Fitness	IAB7	Health & Fitness	
Paper Products	1209	Consumer Packaged Goods	Paper Products		Home & Garden	IAB10	Home & Garden	
Facial Tissue	1210	Consumer Packaged Goods	Paper Products	Facial Tissue	Home & Garden	IAB10	Home & Garden	
Paper Napkins	1211	Consumer Packaged Goods	Paper Products	Paper Napkins	Food & Drink	IAB8	Food & Drink	
Paper Towels	1212	Consumer Packaged Goods	Paper Products	Paper Towels	Food & Drink	IAB8	Food & Drink	
Toilet Tissue	1213	Consumer Packaged Goods	Paper Products	Toilet Tissue	Home & Garden	IAB10	Home & Garden	
Personal Care	1214	Consumer Packaged Goods	Personal Care		Beauty	IAB18-1	Style & Fashion	Beauty
Personal Cleansing	1215	Consumer Packaged Goods	Personal Cleansing		Beauty	IAB18-1	Style & Fashion	Beauty
Bath Products	1216	Consumer Packaged Goods	Personal Cleansing	Bath Products	Beauty	IAB18-1	Style & Fashion	Beauty
Bath/Body Scrubbers/Massagers	1217	Consumer Packaged Goods	Personal Cleansing	Bath/Body Scrubbers/Massagers	Beauty	IAB18-1	Style & Fashion	Beauty
Deodorant	1218	Consumer Packaged Goods	Personal Cleansing	Deodorant	Beauty	IAB18-1	Style & Fashion	Beauty
Moist Towelettes	1219	Consumer Packaged Goods	Personal Cleansing	Moist Towelettes	Beauty	IAB18-1	Style & Fashion	Beauty
Soap	1220	Consumer Packaged Goods	Personal Cleansing	Soap	Beauty	IAB18-1	Style & Fashion	Beauty
Pest Control	1221	Consumer Packaged Goods	Pest Control		Home & Garden	IAB10	Home & Garden	
Outdoor Insect/Rodent Control Chem	1222	Consumer Packaged Goods	Pest Control	Outdoor Insect/Rodent Control Chem	Home & Garden	IAB10	Home & Garden	
Pest Control	1223	Consumer Packaged Goods	Pest Control	Pest Control	Home & Garden	IAB10	Home & Garden	
Pet Care	1224	Consumer Packaged Goods	Pet Care		Pets	IAB16	Pets	
Cat/Dog Litter	1225	Consumer Packaged Goods	Pet Care	Cat/Dog Litter	Pets	IAB16	Pets	
Pet Food	1226	Consumer Packaged Goods	Pet Care	Pet Food	Pets	IAB16	Pets	
Pet Supplies	1227	Consumer Packaged Goods	Pet Care	Pet Supplies	Pets	IAB16	Pets	
Pet Treats	1228	Consumer Packaged Goods	Pet Care	Pet Treats	Pets	IAB16	Pets	
Refrigerated	1229	Consumer Packaged Goods	Refrigerated		Food & Drink	IAB8	Food & Drink	
Dairy	1230	Consumer Packaged Goods	Refrigerated	Dairy	Food & Drink	IAB8	Food & Drink	
Refrigerated Baked Goods	1231	Consumer Packaged Goods	Refrigerated	Refrigerated Baked Goods	Desserts & Baking	IAB8-8	Food & Drink	Desserts & Baking
Refrigerated Beverages	1232	Consumer Packaged Goods	Refrigerated	Refrigerated Beverages	Food & Drink	IAB8	Food & Drink	
Refrigerated Condiments	1233	Consumer Packaged Goods	Refrigerated	Refrigerated Condiments	Food & Drink	IAB8	Food & Drink	
Refrigerated Desserts	1234	Consumer Packaged Goods	Refrigerated	Refrigerated Desserts	Desserts & Baking	IAB8-8	Food & Drink	Desserts & Baking
Refrigerated Dough	1235	Consumer Packaged Goods	Refrigerated	Refrigerated Dough	Desserts & Baking	IAB8-8	Food & Drink	Desserts & Baking
Refrigerated Meals	1236	Consumer Packaged Goods	Refrigerated	Refrigerated Meals	Food & Drink	IAB8	Food & Drink	
Refrigerated Meats	1237	Consumer Packaged Goods	Refrigerated	Refrigerated Meats	Food & Drink	IAB8	Food & Drink	
Refrigerated Miscellaneous	1238	Consumer Packaged Goods	Refrigerated	Refrigerated Miscellaneous	Food & Drink	IAB8	Food & Drink	
Religious Items	1239	Consumer Packaged Goods	Religious Items		Religion & Spirituality	IAB23	Religion & Spirituality	
Shaving	1240	Consumer Packaged Goods	Shaving		Beauty	IAB18-1	Style & Fashion	Beauty
Blades	1241	Consumer Packaged Goods	Shaving	Blades	Beauty	IAB18-1	Style & Fashion	Beauty
Razors	1242	Consumer Packaged Goods	Shaving	Razors	Beauty	IAB18-1	Style & Fashion	Beauty
Shaving Cream	1243	Consumer Packaged Goods	Shaving	Shaving Cream	Beauty	IAB18-1	Style & Fashion	Beauty
Skin Care	1244	Consumer Packaged Goods	Skin Care		Beauty	IAB18-1	Style & Fashion	Beauty
Hand and Body Lotion	1245	Consumer Packaged Goods	Skin Care	Hand and Body Lotion	Beauty	IAB18-1	Style & Fashion	Beauty
Skin Care	1246	Consumer Packaged Goods	Skin Care	Skin Care	Beauty	IAB18-1	Style & Fashion	Beauty
Suntan Products	1247	Consumer Packaged Goods	Skin Care	Suntan Products	Beauty	IAB18-1	Style & Fashion	Beauty
Toys and Games	1248	Consumer Packaged Goods	Toys and Games		Hobbies & Interests	IAB9	Hobbies & Interests	
Games	1249	Consumer Packaged Goods	Toys and Games	Games	Hobbies & Interests	IAB9	Hobbies & Interests	
Outdoor Play Equipment	1250	Consumer Packaged Goods	Toys and Games	Outdoor Play Equipment	Hobbies & Interests	IAB9	Hobbies & Interests	
Puzzles	1251	Consumer Packaged Goods	Toys and Games	Puzzles	Board Games/Puzzles	IAB9-5	Hobbies & Interests	Board Games/Puzzles
Toys	1252	Consumer Packaged Goods	Toys and Games	Toys	Hobbies & Interests	IAB9	Hobbies & Interests	
Vitamins and Supplements	1253	Consumer Packaged Goods	Vitamins and Supplements		Health & Fitness	IAB7	Health & Fitness	
Digestive Supplements	1254	Consumer Packaged Goods	Vitamins and Supplements	Digestive Supplements	Health & Fitness	IAB7	Health & Fitness	
Weightloss Supplements	1255	Consumer Packaged Goods	Vitamins and Supplements	Weightloss Supplements	Health & Fitness	IAB7	Health & Fitness	
Water Treatment	1256	Consumer Packaged Goods	Water Treatment		Home & Garden	IAB10	Home & Garden	
Water Filter/Devices	1257	Consumer Packaged Goods	Water Treatment	Water Filter/Devices	Home & Garden	IAB10	Home & Garden	
Water Softeners/Treatment	1258	Consumer Packaged Goods	Water Treatment	Water Softeners/Treatment	Home & Garden	IAB10	Home & Garden	
Dating	1259	Dating			Dating	IAB14-1	Society	Dating
Casual Relationships	1260	Dating	Casual Relationships		Dating	IAB14-1	Society	Dating
Serious Relationships	1261	Dating	Serious Relationships		Dating	IAB14-1	Society	Dating
Debated Sensitive Social Issue	1262	Debated Sensitive Social Issue			Law, Gov't & Politics	IAB11	Law, Gov't & Politics	
Dieting and Weightloss	1263	Dieting and Weightloss			Weight Loss	IAB7-44	Health & Fitness	Weight Loss
Food Logging	1264	Dieting and Weightloss	Food Logging		Weight Loss	IAB7-44	Health & Fitness	Weight Loss
Weightloss Servies	1265	Dieting and Weightloss	Weightloss Servies		Weight Loss	IAB7-44	Health & Fitness	Weight Loss
Workout and Step Tracking Applications	1266	Dieting and Weightloss	Workout and Step Tracking Applications		Weight Loss	IAB7-44	Health & Fitness	Weight Loss
Durable Goods	1267	Durable Goods			Home & Garden	IAB10	Home & Garden	
Electronics/Photography	1268	Durable Goods	Electronics/Photography		Technology & Computing	IAB19	Technology & Computing	
Batteries	1269	Durable Goods	Electronics/Photography	Batteries	Technology & Computing	IAB19	Technology & Computing	
Blank Audio/Video Media	1270	Durable Goods	Electronics/Photography	Blank Audio/Video Media	Technology & Computing	IAB19	Technology & Computing	
Photography Supplies	1271	Durable Goods	Electronics/Photography	Photography Supplies	Cameras & Camcorders	IAB19-5	Technology & Computing	Cameras & Camcorders
Furniture	1272	Durable Goods	Furniture		Home & Garden	IAB10	Home & Garden	
Indoor Furniture	1273	Durable Goods	Furniture	Indoor Furniture	Home & Garden	IAB10	Home & Garden	
Outdoor Furniture	1274	Durable Goods	Furniture	Outdoor Furniture	Home & Garden	IAB10	Home & Garden	
Grooming Supplies	1275	Durable Goods	Grooming Supplies		Beauty	IAB18-1	Style & Fashion	Beauty
Electric Shaver Groomer	1276	Durable Goods	Grooming Supplies	Electric Shaver Groomer	Beauty	IAB18-1	Style & Fashion	Beauty
Hair Appliances	1277	Durable Goods	Grooming Supplies	Hair Appliances	Beauty	IAB18-1	Style & Fashion	Beauty
Tools and Hardware	1278	Durable Goods	Tools and Hardware		Home & Garden	IAB10	Home & Garden	
Consumer Hardware Supplies	1279	Durable Goods	Tools and Hardware	Consumer Hardware Supplies	Home & Garden	IAB10	Home & Garden	
Industrial Hardware Supplies	1280	Durable Goods	Tools and Hardware	Industrial Hardware Supplies	Business	IAB3	Business	
Home and Garden Products	1281	Durable Goods	Home and Garden Products		Home & Garden	IAB10	Home & Garden	
Bathroom Accessories	1282	Durable Goods	Home and Garden Products	Bathroom Accessories	Home & Garden	IAB10	Home & Garden	
Bedroom Furniture and Accessories	1283	Durable Goods	Home and Garden Products	Bedroom Furniture and Accessories	Home & Garden	IAB10	Home & Garden	
Carpets and Rugs	1284	Durable Goods	Home and Garden Products	Carpets and Rugs	Home & Garden	IAB10	Home & Garden	
Fireplaces	1285	Durable Goods	Home and Garden Products	Fireplaces	Home & Garden	IAB10	Home & Garden	
Home Decor	1286	Durable Goods	Home and Garden Products	Home Decor	Interior Decorating	IAB10-7	Home & Garden	Interior Decorating
Housewares	1287	Durable Goods	Home and Garden Products	Housewares	Home & Garden	IAB10	Home & Garden	
Kitchen and Dining Products	1288	Durable Goods	Home and Garden Products	Kitchen and Dining Products	Appliances	IAB10-1	Home & Garden	Appliances
Lawn and Garden Products	1289	Durable Goods	Home and Garden Products	Lawn and Garden Products	Gardening	IAB10-4	Home & Garden	Gardening
Lighting	1290	Durable Goods	Home and Garden Products	Lighting	Home & Garden	IAB10	Home & Garden	
Linens and Bedding	1291	Durable Goods	Home and Garden Products	Linens and Bedding	Home & Garden	IAB10	Home & Garden	
Plants	1292	Durable Goods	Home and Garden Products	Plants	Gardening	IAB10-4	Home & Garden	Gardening
Household Appliances	1293	Durable Goods	Household Appliances		Appliances	IAB10-1	Home & Garden	Appliances
Luggage and Bags	1294	Durable Goods	Luggage and Bags		Travel	IAB20	Travel	
Education and Careers	1295	Education and Careers			Education	IAB5	Education	
Adult Education	1296	Education and Careers	Adult Education		Adult Education	IAB5-2	Education	Adult Education
Certificaiton Programs	1297	Education and Careers	Certificaiton Programs		Education	IAB5	Education	
Colleges and Universities	1298	Education and Careers	Colleges and Universities		College Life	IAB5-5	Education	College Life
Post-Graduate Education	1299	Education and Careers	Colleges and Universities	Post-Graduate Education	Graduate School	IAB5-9	Education	Graduate School
Education Applications	1300	Education and Careers	Education Applications		Education	IAB5	Education	
Employment Agencies	1301	Education and Careers	Employment Agencies		Career Planning	IAB4-1	Careers	Career Planning
Higher Education	1302	Education and Careers	Higher Education		Graduate School	IAB5-9	Education	Graduate School
Language Learning	1303	Education and Careers	Language Learning		Language Learning	IAB5-8	Education	Language Learning
Online Education	1304	Education and Careers	Online Education		Education	IAB5	Education	
Primary Education	1305	Education and Careers	Primary Education		Education	IAB5	Education	
Remote work and school	1306	Education and Careers	Remote work and school		Telecommuting	IAB4-9	Careers	Telecommuting
Distance learning	1307	Education and Careers	Remote work and school	Distance learning	Distance Learning	IAB5-6	Education	Distance Learning
Homeschooling	1308	Education and Careers	Remote work and school	Homeschooling	Homeschooling	IAB5-10	Education	Homeschooling
Online Surveys	1309	Education and Careers	Remote work and school	Online Surveys	Education	IAB5	Education	
Multi-Level Marketing	1310	Education and Careers	Remote work and school	Multi-Level Marketing	Careers	IAB4	Careers	
Telecommuting	1311	Education and Careers	Remote work and school	Telecommuting	Telecommuting	IAB4-9	Careers	Telecommuting
Study Skills	1312	Education and Careers	Study Skills		Homework/Study Tips	IAB5-11	Education	Homework/Study Tips
Teaching Resources	1313	Education and Careers	Teaching Resources		Education	IAB5	Education	
Trade Schools	1314	Education and Careers	Trade Schools		Education	IAB5	Education	
Events and Performances	1315	Events and Performances			Arts & Entertainment	IAB1	Arts & Entertainment	
Auctions	1316	Events and Performances	Auctions		Arts & Entertainment	IAB1	Arts & Entertainment	
Cinemas and Movie Events	1317	Events and Performances	Cinemas and Movie Events		Movies	IAB1-5	Arts & Entertainment	Movies
Comedy Events	1318	Events and Performances	Comedy Events		Humor	IAB1-4	Arts & Entertainment	Humor
Concerts	1319	Events and Performances	Concerts		Music	IAB1-6	Arts & Entertainment	Music
Conferences, Lectures and Workshops	1320	Events and Performances	Conferences, Lectures and Workshops		Arts & Entertainment	IAB1	Arts & Entertainment	
Exhibitions	1321	Events and Performances	Exhibitions		Arts & Entertainment	IAB1	Arts & Entertainment	
Fan Conventions	1322	Events and Performances	Fan Conventions		Arts & Entertainment	IAB1	Arts & Entertainment	
Fashion Events	1323	Events and Performances	Fashion Events		Arts & Entertainment	IAB1	Arts & Entertainment	
Nightlife Experiences	1324	Events and Performances	Nightlife Experiences		Arts & Entertainment	IAB1	Arts & Entertainment	
Sporting Events	1325	Events and Performances	Sporting Events		Arts & Entertainment	IAB1	Arts & Entertainment	
Seasonal and Holiday Events	1326	Events and Performances	Seasonal and Holiday Events		Arts & Entertainment	IAB1	Arts & Entertainment	
Theatre and Musicals	1327	Events and Performances	Theatre and Musicals		Music	IAB1-6	Arts & Entertainment	Music
Family and Parenting	1328	Family and Parenting			Family & Parenting	IAB6	Family & Parenting	
Childcare	1329	Family and Parenting	Childcare		Daycare/Pre School	IAB6-3	Family & Parenting	Daycare/Pre School
Day Care Centers	1330	Family and Parenting	Childcare	Day Care Centers	Daycare/Pre School	IAB6-3	Family & Parenting	Daycare/Pre School
Nanny Services	1331	Family and Parenting	Childcare	Nanny Services	Family & Parenting	IAB6	Family & Parenting	
Genealogy and Family Trees	1332	Family and Parenting	Genealogy and Family Trees		Family & Parenting	IAB6	Family & Parenting	
Kids Activities	1333	Family and Parenting	Kids Activities		Family & Parenting	IAB6	Family & Parenting	
Senior Living	1334	Family and Parenting	Senior Living		Eldercare	IAB6-9	Family & Parenting	Eldercare
Finance and Insurance	1335	Finance and Insurance			Personal Finance	IAB13	Personal Finance	
Accountants and Bookkeepers	1336	Finance and Insurance	Accountants and Bookkeepers		Tax Planning	IAB13-12	Personal Finance	Tax Planning
Banking	1337	Finance and Insurance	Banking		Financial Planning	IAB13-4	Personal Finance	Financial Planning
Credit and Debt Repair/Credit Reporting	1338	Finance and Insurance	Credit and Debt Repair/Credit Reporting		Credit/Debt & Loans	IAB13-2	Personal Finance	Credit/Debt & Loans
Credit Cards	1339	Finance and Insurance	Credit Cards		Personal Finance	IAB13	Personal Finance	
Insurance	1340	Finance and Insurance	Insurance		Insurance	IAB13-6	Personal Finance	Insurance
Auto Insurance	1341	Finance and Insurance	Insurance	Auto Insurance	Insurance	IAB13-6	Personal Finance	Insurance
Home Insurance	1342	Finance and Insurance	Insurance	Home Insurance	Insurance	IAB13-6	Personal Finance	Insurance
Life Insurance	1343	Finance and Insurance	Insurance	Life Insurance	Insurance	IAB13-6	Personal Finance	Insurance
Medical Insurance	1344	Finance and Insurance	Insurance	Medical Insurance	Insurance	IAB13-6	Personal Finance	Insurance
Pet Insurance	1345	Finance and Insurance	Insurance	Pet Insurance	Insurance	IAB13-6	Personal Finance	Insurance
Travel Insurance	1346	Finance and Insurance	Insurance	Travel Insurance	Insurance	IAB13-6	Personal Finance	Insurance
Insurance Coverage Apps	1347	Finance and Insurance	Insurance Coverage Apps		Insurance	IAB13-6	Personal Finance	Insurance
Mortgage Lenders and Brokers	1348	Finance and Insurance	Mortgage Lenders and Brokers		Credit/Debt & Loans	IAB13-2	Personal Finance	Credit/Debt & Loans
Payday and Emergency Loans	1349	Finance and Insurance	Payday and Emergency Loans		Credit/Debt & Loans	IAB13-2	Personal Finance	Credit/Debt & Loans
Retirement Planning	1350	Finance and Insurance	Retirement Planning		Retirement Planning	IAB13-10	Personal Finance	Retirement Planning
Stocks and Investments	1351	Finance and Insurance	Stocks and Investments		Investing	IAB13-7	Personal Finance	Investing
Financial Investment and Management Applications	1352	Finance and Insurance	Financial Investment and Management Applications		Investing	IAB13-7	Personal Finance	Investing
Student Financial Aid	1353	Finance and Insurance	Student Financial Aid		Financial Aid	IAB4-3	Careers	Financial Aid
Tax Preparation Services	1354	Finance and Insurance	Tax Preparation Services		Tax Planning	IAB13-12	Personal Finance	Tax Planning
Food and Beverage Services	1355	Food and Beverage Services			Food & Drink	IAB8	Food & Drink	
Bakeries	1356	Food and Beverage Services	Bakeries		Desserts & Baking	IAB8-8	Food & Drink	Desserts & Baking
Catering	1357	Food and Beverage Services	Catering		Food & Drink	IAB8	Food & Drink	
Fast Food	1358	Food and Beverage Services	Fast Food		Food & Drink	IAB8	Food & Drink	
Food Delivery Services	1359	Food and Beverage Services	Food Delivery Services		Food & Drink	IAB8	Food & Drink	
Restaurants	1360	Food and Beverage Services	Restaurants		Dining Out	IAB8-9	Food & Drink	Dining Out
Gambling	1361	Gambling			Non-Standard Content	IAB25	Non-Standard Content	
Casinos	1362	Gambling	Casinos		Non-Standard Content	IAB25	Non-Standard Content	
Virtual Betting	1363	Gambling	Virtual Betting		Non-Standard Content	IAB25	Non-Standard Content	
Contests	1364	Gambling	Contests		Non-Standard Content	IAB25	Non-Standard Content	
Give Aways	1365	Gambling	Give Aways		Non-Standard Content	IAB25	Non-Standard Content	
Lottery	1366	Gambling	Lottery		Non-Standard Content	IAB25	Non-Standard Content	
Sports Betting	1367	Gambling	Sports Betting		Non-Standard Content	IAB25	Non-Standard Content	
Green/Eco	1368	Green/Eco			Environmental Safety	IAB10-3	Home & Garden	Environmental Safety
Green/Eco Products	1369	Green/Eco	Green/Eco Products		Environmental Safety	IAB10-3	Home & Garden	Environmental Safety
Green/Eco Services	1370	Green/Eco	Green/Eco Services		Environmental Safety	IAB10-3	Home & Garden	Environmental Safety
Gifts and Holiday Items	1371	Gifts and Holiday Items			Shopping	IAB22	Shopping	
Flowers	1372	Gifts and Holiday Items	Flowers		Home & Garden	IAB10	Home & Garden	
Gift Baskets	1373	Gifts and Holiday Items	Gift Baskets		Shopping	IAB22	Shopping	
Gift Cards and Coupons	1374	Gifts and Holiday Items	Gift Cards and Coupons		Couponing	IAB22-2	Shopping	Couponing
Gift Certificates	1375	Gifts and Holiday Items	Gift Certificates		Couponing	IAB22-2	Shopping	Couponing
Greeting Cards	1376	Gifts and Holiday Items	Greeting Cards		Shopping	IAB22	Shopping	
Party Goods	1377	Gifts and Holiday Items	Party Goods		Shopping	IAB22	Shopping	
Health and Medical Services	1378	Health and Medical Services			Health & Fitness	IAB7	Health & Fitness	
Alternative and Natural Medicine	1379	Health and Medical Services	Alternative and Natural Medicine		Alternative Medicine	IAB7-5	Health & Fitness	Alternative Medicine
Assisted Living	1380	Health and Medical Services	Assisted Living		Eldercare	IAB6-9	Family & Parenting	Eldercare
Chiropractors	1381	Health and Medical Services	Chiropractors		Health & Fitness	IAB7	Health & Fitness	
Clinical Research	1382	Health and Medical Services	Clinical Research		Health & Fitness	IAB7	Health & Fitness	
Cosmetic Medical Services	1383	Health and Medical Services	Cosmetic Medical Services		Health & Fitness	IAB7	Health & Fitness	
Dental Care	1384	Health and Medical Services	Dental Care		Dental Care	IAB7-17	Health & Fitness	Dental Care
Dermatology	1385	Health and Medical Services	Dermatology		Dermatology	IAB7-19	Health & Fitness	Dermatology
Drugstores and Pharmacies	1386	Health and Medical Services	Drugstores and Pharmacies		Health & Fitness	IAB7	Health & Fitness	
Fertility and Family Planning	1387	Health and Medical Services	Fertility and Family Planning		Infertility	IAB7-30	Health & Fitness	Infertility
General Practitioners	1388	Health and Medical Services	General Practitioners		Health & Fitness	IAB7	Health & Fitness	
Home Healthcare	1389	Health and Medical Services	Home Healthcare		Health & Fitness	IAB7	Health & Fitness	
Hospitals	1390	Health and Medical Services	Hospitals		Health & Fitness	IAB7	Health & Fitness	
Mental Health	1391	Health and Medical Services	Mental Health		Health & Fitness	IAB7	Health & Fitness	
Physical Therapists	1392	Health and Medical Services	Physical Therapists		Physical Therapy	IAB7-36	Health & Fitness	Physical Therapy
Service Provider Search and Scheduling	1393	Health and Medical Services	Service Provider Search and Scheduling		Health & Fitness	IAB7	Health & Fitness	
Symptom Monitoring Apps	1394	Health and Medical Services	Symptom Monitoring Apps		Health & Fitness	IAB7	Health & Fitness	
Vision Care	1395	Health and Medical Services	Vision Care		Health & Fitness	IAB7	Health & Fitness	
Home and Garden Services	1396	Home and Garden Services			Home & Garden	IAB10	Home & Garden	
Appliance Repair	1397	Home and Garden Services	Appliance Repair		Appliances	IAB10-1	Home & Garden	Appliances
Business and Home Security Services	1398	Home and Garden Services	Business and Home Security Services		Home & Garden	IAB10	Home & Garden	
Carpeting and Flooring Services	1399	Home and Garden Services	Carpeting and Flooring Services		Remodeling & Construction	IAB10-9	Home & Garden	Remodeling & Construction
Do It Yourself Applications	1400	Home and Garden Services	Do It Yourself Applications		Home Repair	IAB10-5	Home & Garden	Home Repair
Emergency Preparedness	1401	Home and Garden Services	Emergency Preparedness		Home & Garden	IAB10	Home & Garden	
Flood, Fire and Gas Safety	1402	Home and Garden Services	Flood, Fire and Gas Safety		Home & Garden	IAB10	Home & Garden	
Gas and Electric Services	1403	Home and Garden Services	Gas and Electric Services		Home & Garden	IAB10	Home & Garden	
Home Improvement and Repair	1404	Home and Garden Services	Home Improvement and Repair		Home Repair	IAB10-5	Home & Garden	Home Repair
Home Security and Monitoring Applications	1405	Home and Garden Services	Home Security and Monitoring Applications		Home & Garden	IAB10	Home & Garden	
Home Service Provider Review	1406	Home and Garden Services	Home Service Provider Review		Home & Garden	IAB10	Home & Garden	
Housekeeping Services	1407	Home and Garden Services	Housekeeping Services		Home & Garden	IAB10	Home & Garden	
Landscaping Services	1408	Home and Garden Services	Landscaping Services		Landscaping	IAB10-8	Home & Garden	Landscaping
Lawn and Garden Services	1409	Home and Garden Services	Lawn and Garden Services		Gardening	IAB10-4	Home & Garden	Gardening
Pest Exterminators	1410	Home and Garden Services	Pest Exterminators		Gardening	IAB10-4	Home & Garden	Gardening
Plumbers	1411	Home and Garden Services	Plumbers		Home Repair	IAB10-5	Home & Garden	Home Repair
Pool and Spa Installation and Maintenance	1412	Home and Garden Services	Pool and Spa Installation and Maintenance		Landscaping	IAB10-8	Home & Garden	Landscaping
Remodeling and Construction	1413	Home and Garden Services	Remodeling and Construction		Remodeling & Construction	IAB10-9	Home & Garden	Remodeling & Construction
Water Services	1414	Home and Garden Services	Water Services		Home & Garden	IAB10	Home & Garden	
Window Installation and Treatments	1415	Home and Garden Services	Window Installation and Treatments		Remodeling & Construction	IAB10-9	Home & Garden	Remodeling & Construction
Legal Services	1416	Legal Services			Law, Gov't & Politics	IAB11	Law, Gov't & Politics	
Lawyers	1417	Legal Services	Lawyers		Law, Gov't & Politics	IAB11	Law, Gov't & Politics	
Bail Bonds	1418	Legal Services	Bail Bonds		Law, Gov't & Politics	IAB11	Law, Gov't & Politics	
Media	1419	Media			Arts & Entertainment	IAB1	Arts & Entertainment	
Blogs/Forums/Social Networks	1420	Media	Blogs/Forums/Social Networks		Celebrity Fan/Gossip	IAB1-2	Arts & Entertainment	Celebrity Fan/Gossip
Book Reading and Review Applications	1421	Media	Book Reading and Review Applications		Books & Literature	IAB1-1	Arts & Entertainment	Books & Literature
Books and Audio Books	1422	Media	Books and Audio Books		Books & Literature	IAB1-1	Arts & Entertainment	Books & Literature
Casual Games	1423	Media	Casual Games		Video & Computer Games	IAB9-30	Hobbies & Interests	Video & Computer Games
Casual Games Apps	1424	Media	Casual Games	Casual Games Apps	Video & Computer Games	IAB9-30	Hobbies & Interests	Video & Computer Games
Core Gaming	1425	Media	Core Gaming		Video & Computer Games	IAB9-30	Hobbies & Interests	Video & Computer Games
Core Gaming Apps	1426	Media	Core Gaming	Core Gaming Apps	Video & Computer Games	IAB9-30	Hobbies & Interests	Video & Computer Games
CDs and Vinyl Records	1427	Media	CDs and Vinyl Records		Music	IAB1-6	Arts & Entertainment	Music
DVDs	1428	Media	DVDs		Movies	IAB1-5	Arts & Entertainment	Movies
Live Television	1429	Media	Live Television		Television	IAB1-7	Arts & Entertainment	Television
Magazines and Newspapers	1430	Media	Magazines and Newspapers		News	IAB12	News	
Music and Video Streaming Services	1431	Media	Music and Video Streaming Services		Music	IAB1-6	Arts & Entertainment	Music
News and Analysis	1432	Media	News and Analysis		News	IAB12	News	
Radio and Podcasts	1433	Media	Radio and Podcasts		Radio	IAB9-24	Hobbies & Interests	Radio
Sports	1434	Media	Sports		Sports	IAB17	Sports	
Fantasy Sports	1435	Media	Sports	Fantasy Sports	Sports	IAB17	Sports	
Sports Highlights	1436	Media	Sports	Sports Highlights	Sports	IAB17	Sports	
Team News and Analysis	1437	Media	Sports	Team News and Analysis	Sports	IAB17	Sports	
Utilities Apps	1438	Media	Utilities Apps		Technology & Computing	IAB19	Technology & Computing	
Productivity Apps	1439	Media	Utilities Apps	Productivity Apps	Technology & Computing	IAB19	Technology & Computing	
Reference Apps	1440	Media	Utilities Apps	Reference Apps	Technology & Computing	IAB19	Technology & Computing	
Search Engine Apps	1441	Media	Utilities Apps	Search Engine Apps	Web Search	IAB19-35	Technology & Computing	Web Search
Weather Apps	1442	Media	Utilities Apps	Weather Apps	Weather	IAB15	Science	Weather
Metals	1443	Metals			Stamps & Coins	IAB9-29	Hobbies & Interests	Stamps & Coins
Coin Trade In	1444	Metals	Coin Trade In		Stamps & Coins	IAB9-29	Hobbies & Interests	Stamps & Coins
Gold Trade In	1445	Metals	Gold Trade In		Stamps & Coins	IAB9-29	Hobbies & Interests	Stamps & Coins
Platinum Trade In	1446	Metals	Platinum Trade In		Stamps & Coins	IAB9-29	Hobbies & Interests	Stamps & Coins
Silver Trade In	1447	Metals	Silver Trade In		Stamps & Coins	IAB9-29	Hobbies & Interests	Stamps & Coins
Non-Fiat Currency	1448	Non-Fiat Currency			Non-Standard Content	IAB25	Non-Standard Content	
Cryptocurrency Exchanges	1449	Non-Fiat Currency	Cryptocurrency Exchanges		Non-Standard Content	IAB25	Non-Standard Content	
Cryptocurrency Stock	1450	Non-Fiat Currency	Cryptocurrency Stock		Non-Standard Content	IAB25	Non-Standard Content	
NFTs	1451	Non-Fiat Currency	NFTs		Non-Standard Content	IAB25	Non-Standard Content	
Non-Profits	1452	Non-Profits			Business	IAB3	Business	
Charities and Donations	1453	Non-Profits	Charities and Donations		Business	IAB3	Business	
Civic Organizations	1454	Non-Profits	Civic Organizations		Business	IAB3	Business	
Federations and Professional Associations	1455	Non-Profits	Federations and Professional Associations		Business	IAB3	Business	
Military Organizations	1456	Non-Profits	Military Organizations		U.S. Military	IAB4-10	Careers	U.S. Military
Non-Governmental Organizations	1457	Non-Profits	Non-Governmental Organizations		Business	IAB3	Business	
Public Service Announcements	1458	Non-Profits	Public Service Announcements		Commentary	IAB11-5	Law, Gov't & Politics	Commentary
Scholarships	1459	Non-Profits	Scholarships		Scholarships	IAB4-8	Careers	Scholarships
Pet Ownership	1460	Pet Ownership			Pets	IAB16	Pets	
Pet Adoption	1461	Pet Ownership	Pet Adoption		Pets	IAB16	Pets	
Pet Breeders	1462	Pet Ownership	Pet Breeders		Pets	IAB16	Pets	
Pet Care and Supply Applications	1463	Pet Ownership	Pet Care and Supply Applications		Pets	IAB16	Pets	
Pet Grooming	1464	Pet Ownership	Pet Grooming		Pets	IAB16	Pets	
Pet Sitting	1465	Pet Ownership	Pet Sitting		Pets	IAB16	Pets	
Veterinary Services	1466	Pet Ownership	Veterinary Services		Veterinary Medicine	IAB16-7	Pets	Veterinary Medicine
Personal/Consumer Telcom	1467	Personal/Consumer Telecom			Technology & Computing	IAB19	Technology & Computing	
Home Internet Services	1468	Personal/Consumer Telecom	Home Internet Services		Internet Technology	IAB19-18	Technology & Computing	Internet Technology
Home Phone Services	1469	Personal/Consumer Telecom	Home Phone Services		Technology & Computing	IAB19	Technology & Computing	
Home Television Services	1470	Personal/Consumer Telecom	Home Television Services		Television	IAB1-7	Arts & Entertainment	Television
Mobile Phone Plans	1471	Personal/Consumer Telecom	Mobile Phone Plans		Cell Phones	IAB19-6	Technology & Computing	Cell Phones
Prepaid International Phone Services	1472	Personal/Consumer Telecom	Prepaid International Phone Services		Technology & Computing	IAB19	Technology & Computing	
Pharmaceuticals	1473	Pharmaceuticals			Health & Fitness	IAB7	Health & Fitness	
Politics	1474	Politics			Politics	IAB11-4	Law, Gov't & Politics	Politics
Ballot measures	1475	Politics	Ballot measures		Law, Gov't & Politics	IAB11	Law, Gov't & Politics	
Elections	1476	Politics	Elections		Law, Gov't & Politics	IAB11	Law, Gov't & Politics	
Political Action Committees	1477	Politics	Political Action Committees		Law, Gov't & Politics	IAB11	Law, Gov't & Politics	
Political Analysis and Opinion	1478	Politics	Political Analysis and Opinion		Commentary	IAB11-5	Law, Gov't & Politics	Commentary
Political Candidates	1479	Politics	Political Candidates		Law, Gov't & Politics	IAB11	Law, Gov't & Politics	
Political Donations	1480	Politics	Political Donations		Law, Gov't & Politics	IAB11	Law, Gov't & Politics	
Promoting Causes	1481	Politics	Promoting Causes; eg: Healthcare reform, energy trades (Oil/Solar), etc...		Law, Gov't & Politics	IAB11	Law, Gov't & Politics	
Real Estate	1482	Real Estate			Real Estate	IAB21	Real Estate	
Commercial Real Estate	1483	Real Estate	Commercial Real Estate		Real Estate	IAB21	Real Estate	
Real Estate Rentals	1484	Real Estate	Real Estate Rentals		Real Estate	IAB21	Real Estate	
Real Estate Sales	1485	Real Estate	Real Estate Sales		Buying/Selling Homes	IAB21-3	Real Estate	Buying/Selling Homes
Real Estate Services For Owners	1486	Real Estate	Real Estate Services For Owners		Buying/Selling Homes	IAB21-3	Real Estate	Buying/Selling Homes
Religion and Spirituality	1487	Religion and Spirituality			Religion & Spirituality	IAB23	Religion & Spirituality	
Astrology	1488	Religion and Spirituality	Astrology		Astrology	IAB15-1	Science	Astrology
Prayer and Mindfullness Applications	1489	Religion and Spirituality	Prayer and Mindfullness Applications		Religion & Spirituality	IAB23	Religion & Spirituality	
Prayer and worship services	1490	Religion and Spirituality	Prayer and Worship Services		Religion & Spirituality	IAB23	Religion & Spirituality	
Religious causes	1491	Religion and Spirituality	Religious Causes		Religion & Spirituality	IAB23	Religion & Spirituality	
Religious charities	1492	Religion and Spirituality	Religious Charities		Religion & Spirituality	IAB23	Religion & Spirituality	
Religious organizaitions	1493	Religion and Spirituality	Religious Organizaitions		Religion & Spirituality	IAB23	Religion & Spirituality	
Retail	1494	Retail			Shopping	IAB22	Shopping	
Arts and Crafts Supplies	1495	Retail	Arts and Crafts Supplies		Arts & Crafts	IAB9-2	Hobbies & Interests	Arts & Crafts
Cell Phone Stores	1496	Retail	Cell Phone Stores		Cell Phones	IAB19-6	Technology & Computing	Cell Phones
Clothing Stores	1497	Retail	Clothing Stores		Clothing	IAB18-5	Style & Fashion	Clothing
Department Stores	1498	Retail	Department Stores		Shopping	IAB22	Shopping	
eCommerce	1499	Retail	eCommerce		Engines	IAB22-4	Shopping	Engines
Factory Outlet Stores	1500	Retail	Factory Outlet Stores		Clothing	IAB18-5	Style & Fashion	Clothing
Grocery Stores and Supermarkets	1501	Retail	Grocery Stores and Supermarkets		Food & Drink	IAB8	Food & Drink	
Hardware Stores	1502	Retail	Hardware Stores		Home & Garden	IAB10	Home & Garden	
Musical Instruments and Record Stores	1503	Retail	Musical Instruments and Record Stores		Music	IAB1-6	Arts & Entertainment	Music
Pawn Shops	1504	Retail	Pawn Shops		Hobbies & Interests	IAB9	Hobbies & Interests	
Pet and Pet Supply Stores	1505	Retail	Pet and Pet Supply Stores		Pets	IAB16	Pets	
Shopping Malls	1506	Retail	Shopping Malls		Shopping	IAB22	Shopping	
Specialty Stores	1507	Retail	Specialty Stores		Shopping	IAB22	Shopping	
Sporting Goods Stores	1508	Retail	Sporting Goods Stores		Sports	IAB17	Sports	
Ticket Services	1509	Retail	Ticket Services		Arts & Entertainment	IAB1	Arts & Entertainment	
Fitness Activities	1510	Fitness Activities			Sports	IAB17	Sports	
Dance Studios	1511	Fitness Activities	Dance Studios		Sports	IAB17	Sports	
Gyms and Health Clubs	1512	Fitness Activities	Gyms and Health Clubs		Sports	IAB17	Sports	
Participant Sports Leagues	1513	Fitness Activities	Participant Sports Leagues		Sports	IAB17	Sports	
Personal Trainers	1514	Fitness Activities	Personal Trainers		Health & Fitness	IAB7	Health & Fitness	
Self Defense and Martial Arts Classes	1515	Fitness Activities	Self Defense and Martial Arts Classes		Martial Arts	IAB17-20	Sports	Martial Arts
Swimming Facilities	1516	Fitness Activities	Swimming Facilities		Swimming	IAB17-38	Sports	Swimming
Workout and Step Tracking Applications	1517	Fitness Activities	Workout and Step Tracking Applications		Walking	IAB17-42	Sports	Walking
Yoga Studios	1518	Fitness Activities	Yoga Studios		Sports	IAB17	Sports	
Sexual Health	1519	Sexual Health			Health & Fitness	IAB7	Health & Fitness	
Contraceptives	1520	Sexual Health	Contraceptives		Health & Fitness	IAB7	Health & Fitness	
Doctor Perscribed Medicines	1521	Sexual Health	Doctor Perscribed Medicines		Health & Fitness	IAB7	Health & Fitness	
Fertility Tracking Applications	1522	Sexual Health	Fertility Tracking Applications		Infertility	IAB7-30	Health & Fitness	Infertility
Non-perscribed Performance Enhancers	1523	Sexual Health	Non-Perscribed Performance Enhancers		Health & Fitness	IAB7	Health & Fitness	
Sporting Goods	1524	Sporting Goods			Sports	IAB17	Sports	
Athletics Equipment	1525	Sporting Goods	Athletics Equipment		Sports	IAB17	Sports	
Exercise and Fitness Equipment	1526	Sporting Goods	Exercise and Fitness Equipment		Exercise	IAB7-1	Health & Fitness	Exercise
Indoor Games Equipment	1527	Sporting Goods	Indoor Games Equipment		Sports	IAB17	Sports	
Outdoor Recreation Equipment	1528	Sporting Goods	Outdoor Recreation Equipment		Sports	IAB17	Sports	
Travel and Tourism	1529	Travel and Tourism			Travel	IAB20	Travel	
Accomodations	1530	Travel and Tourism	Accomodations		Travel	IAB20	Travel	
Bed and Breakfasts	1531	Travel and Tourism	Accomodations	Bed and Breakfasts	Bed & Breakfasts	IAB20-5	Travel	Bed & Breakfasts
Camping and Camp Grounds	1532	Travel and Tourism	Accomodations	Camping and Camp Grounds	Camping	IAB20-9	Travel	Camping
Hotels and Resorts	1533	Travel and Tourism	Accomodations	Hotels and Resorts	Hotels	IAB20-18	Travel	Hotels
Motels	1534	Travel and Tourism	Accomodations	Motels	Budget Travel	IAB20-6	Travel	Budget Travel
Timeshares	1535	Travel and Tourism	Accomodations	Timeshares	Travel	IAB20	Travel	
Vacation Rentals	1536	Travel and Tourism	Accomodations	Vacation Rentals	Travel	IAB20	Travel	
Air Travel	1537	Travel and Tourism	Air Travel		Air Travel	IAB20-3	Travel	Air Travel
Cruises	1538	Travel and Tourism	Cruises		Cruises	IAB20-12	Travel	Cruises
Rail Travel	1539	Travel and Tourism	Rail Travel		Travel	IAB20	Travel	
Sightseeing Tours and Activities	1540	Travel and Tourism	Sightseeing Tours and Activities		Travel	IAB20	Travel	
Travel Agents and Online Travel Services	1541	Travel and Tourism	Travel Agents and Online Travel Services		Travel	IAB20	Travel	
Travel Packages	1542	Travel and Tourism	Travel Packages		Travel	IAB20	Travel	
Travel Planning and Itinerary Management Applications	1543	Travel and Tourism	Travel Planning and Itinerary Management Applications		Travel	IAB20	Travel	
Tobacco	1544	Tobacco			Non-Standard Content	IAB25	Non-Standard Content	
Cigars	1545	Tobacco	Cigars		Non-Standard Content	IAB25	Non-Standard Content	
Cigarettes	1546	Tobacco	Cigarettes		Non-Standard Content	IAB25	Non-Standard Content	
Smokeless Tobacco	1547	Tobacco	Smokeless Tobacco		Non-Standard Content	IAB25	Non-Standard Content	
Vaping	1548	Tobacco	Vaping		Non-Standard Content	IAB25	Non-Standard Content	
Vaping Cartridges	1549	Tobacco	Vaping Cartridges		Non-Standard Content	IAB25	Non-Standard Content	
Vaporizors	1550	Tobacco	Vaporizors		Non-Standard Content	IAB25	Non-Standard Content	
Vehicles	1551	Vehicles			Automotive	IAB2	Automotive	
Automotive Leasing	1552	Vehicles	Automotive Leasing		Automotive	IAB2	Automotive	
Automotive Ownership	1553	Vehicles	Automotive Ownership		Buying/Selling Cars	IAB2-3	Automotive	Buying/Selling Cars
New vehicle Ownership	1554	Vehicles	Automotive Ownership	New Vehicle Ownership	Buying/Selling Cars	IAB2-3	Automotive	Buying/Selling Cars
Pre-owned Automotive Ownership	1555	Vehicles	Automotive Ownership	Pre-owned Automotive Ownership	Certified Pre-Owned	IAB2-5	Automotive	Certified Pre-Owned
Automotive Products	1556	Vehicles	Automotive Products		Automotive	IAB2	Automotive	
Automotive Care Products	1557	Vehicles	Automotive Products	Automotive Care Products	Automotive	IAB2	Automotive	
Automotive Parts and Accessories	1558	Vehicles	Automotive Products	Automotive Parts and Accessories	Auto Parts	IAB2-1	Automotive	Auto Parts
Aftermarket Parts and Accessories	1559	Vehicles	Automotive Products	Aftermarket Parts and Accessories	Auto Parts	IAB2-1	Automotive	Auto Parts
Automotive Services	1560	Vehicles	Automotive Services		Automotive	IAB2	Automotive	
Auto Towing	1561	Vehicles	Automotive Services	Auto Towing	Automotive	IAB2	Automotive	
Auto Repair	1562	Vehicles	Automotive Services	Auto Repair	Auto Repair	IAB2-2	Automotive	Auto Repair
Car Wash	1563	Vehicles	Automotive Services	Car Wash	Automotive	IAB2	Automotive	
Automotive Sales Applications	1564	Vehicles	Automotive Sales Applications		Automotive	IAB2	Automotive	
Ride-sharing Services	1565	Vehicles	Ride-sharing Services		Automotive	IAB2	Automotive	
Taxi Services	1566	Vehicles	Taxi Services		Automotive	IAB2	Automotive	
Vehicle Rental	1567	Vehicles	Vehicle Rental		Automotive	IAB2	Automotive	
Vehicle Type	1568	Vehicles	Vehicle Type		Automotive	IAB2	Automotive	
Boats	1569	Vehicles	Vehicle Type	Boats	Automotive	IAB2	Automotive	
Diesel Vehicles	1570	Vehicles	Vehicle Type	Diesel Vehicles	Diesel	IAB2-9	Automotive	Diesel
Electric Vehicles	1571	Vehicles	Vehicle Type	Electric Vehicles	Electric Vehicle	IAB2-10	Automotive	Electric Vehicle
Gas Vehicles	1572	Vehicles	Vehicle Type	Gas Vehicles	Automotive	IAB2	Automotive	
Hybrid Vehicles	1573	Vehicles	Vehicle Type	Hybrid Vehicles	Hybrid	IAB2-12	Automotive	Hybrid
Recreational Vehicles	1574	Vehicles	Vehicle Type	Recreational Vehicles	Off-Road Vehicles	IAB2-16	Automotive	Off-Road Vehicles
Scooters, Motorbikes, and E-bikes	1575	Vehicles	Vehicle Type	Scooters, Motorbikes, and E-bikes	Automotive	IAB2	Automotive	
Weapons and Ammunition	1576	Weapons and Ammunition			Non-Standard Content	IAB25	Non-Standard Content	
Ammunition	1577	Weapons and Ammunition	Ammunition		Non-Standard Content	IAB25	Non-Standard Content	
Guns	1578	Weapons and Ammunition	Guns		Non-Standard Content	IAB25	Non-Standard Content	
Gun Accessories	1579	Weapons and Ammunition	Gun Accessories		Non-Standard Content	IAB25	Non-Standard Content	
Gun Shows and Auctions	1580	Weapons and Ammunition	Gun Shows and Auctions		Non-Standard Content	IAB25	Non-Standard Content	
Non-Projectile Weapons	1581	Weapons and Ammunition	Non-Projectile Weapons		Non-Standard Content	IAB25	Non-Standard Content	
Taster and Stun Guns	1582	Weapons and Ammunition	Taster and Stun Guns		Non-Standard Content	IAB25	Non-Standard Content	
